[
    {
        "id": "1de7a5b9d00681bc",
        "type": "tab",
        "label": "Flujo 3",
        "disabled": false,
        "info": "",
        "env": []
    },
    {
        "id": "02f43e23b29f1364",
        "type": "s7 in",
        "z": "1de7a5b9d00681bc",
        "endpoint": "023865452e051ae9",
        "mode": "single",
        "variable": "Marca_verde",
        "diff": true,
        "name": "verde",
        "x": 730,
        "y": 400,
        "wires": [
            [
                "54f5f288c5a49f4a"
            ]
        ]
    },
    {
        "id": "54f5f288c5a49f4a",
        "type": "ui_led",
        "z": "1de7a5b9d00681bc",
        "order": 5,
        "group": "fd9dc7819635ba32",
        "width": 0,
        "height": 0,
        "label": "",
        "labelPlacement": "left",
        "labelAlignment": "left",
        "colorForValue": [
            {
                "color": "#008000",
                "value": "true",
                "valueType": "bool"
            },
            {
                "color": "#000000",
                "value": "false",
                "valueType": "bool"
            }
        ],
        "allowColorForValueInMessage": false,
        "shape": "circle",
        "showGlow": true,
        "name": "",
        "x": 950,
        "y": 400,
        "wires": []
    },
    {
        "id": "3f246cfac0cdf6a4",
        "type": "ui_switch",
        "z": "1de7a5b9d00681bc",
        "name": "",
        "label": "Subir",
        "tooltip": "",
        "group": "fd9dc7819635ba32",
        "order": 1,
        "width": 0,
        "height": 0,
        "passthru": true,
        "decouple": "false",
        "topic": "topic",
        "topicType": "msg",
        "style": "",
        "onvalue": "true",
        "onvalueType": "bool",
        "onicon": "",
        "oncolor": "",
        "offvalue": "false",
        "offvalueType": "bool",
        "officon": "",
        "offcolor": "",
        "animate": false,
        "className": "",
        "x": 270,
        "y": 400,
        "wires": [
            [
                "dfd5888aea926fcd"
            ]
        ]
    },
    {
        "id": "dfd5888aea926fcd",
        "type": "s7 out",
        "z": "1de7a5b9d00681bc",
        "endpoint": "023865452e051ae9",
        "variable": "Subir",
        "name": "sub",
        "x": 470,
        "y": 400,
        "wires": []
    },
    {
        "id": "fec8db2ad2419dca",
        "type": "ui_switch",
        "z": "1de7a5b9d00681bc",
        "name": "",
        "label": "Bajar",
        "tooltip": "",
        "group": "fd9dc7819635ba32",
        "order": 2,
        "width": 0,
        "height": 0,
        "passthru": true,
        "decouple": "false",
        "topic": "topic",
        "topicType": "msg",
        "style": "",
        "onvalue": "true",
        "onvalueType": "bool",
        "onicon": "",
        "oncolor": "",
        "offvalue": "false",
        "offvalueType": "bool",
        "officon": "",
        "offcolor": "",
        "animate": false,
        "className": "",
        "x": 270,
        "y": 500,
        "wires": [
            [
                "e86a3276fefc11d5"
            ]
        ]
    },
    {
        "id": "123fce7663866e3c",
        "type": "ui_text",
        "z": "1de7a5b9d00681bc",
        "group": "fd9dc7819635ba32",
        "order": 5,
        "width": 0,
        "height": 0,
        "name": "",
        "label": "contador de coches",
        "format": "{{msg.payload}}",
        "layout": "row-spread",
        "className": "",
        "style": false,
        "font": "",
        "fontSize": 16,
        "color": "#000000",
        "x": 990,
        "y": 740,
        "wires": []
    },
    {
        "id": "e86a3276fefc11d5",
        "type": "s7 out",
        "z": "1de7a5b9d00681bc",
        "endpoint": "023865452e051ae9",
        "variable": "Bajar",
        "name": "baj",
        "x": 450,
        "y": 500,
        "wires": []
    },
    {
        "id": "bfc4254dc1ea6be1",
        "type": "s7 in",
        "z": "1de7a5b9d00681bc",
        "endpoint": "023865452e051ae9",
        "mode": "single",
        "variable": "Marca_amarilla",
        "diff": true,
        "name": "amarilla",
        "x": 730,
        "y": 500,
        "wires": [
            [
                "a9843822ecdf29f2"
            ]
        ]
    },
    {
        "id": "4c4053f1b0d9045f",
        "type": "s7 in",
        "z": "1de7a5b9d00681bc",
        "endpoint": "023865452e051ae9",
        "mode": "single",
        "variable": "Marca_roja",
        "diff": true,
        "name": "roja",
        "x": 730,
        "y": 600,
        "wires": [
            [
                "e7f6fcb17869789d"
            ]
        ]
    },
    {
        "id": "a9843822ecdf29f2",
        "type": "ui_led",
        "z": "1de7a5b9d00681bc",
        "order": 4,
        "group": "fd9dc7819635ba32",
        "width": 0,
        "height": 0,
        "label": "",
        "labelPlacement": "left",
        "labelAlignment": "left",
        "colorForValue": [
            {
                "color": "#000000",
                "value": "false",
                "valueType": "bool"
            },
            {
                "color": "#ffa500",
                "value": "true",
                "valueType": "bool"
            }
        ],
        "allowColorForValueInMessage": false,
        "shape": "circle",
        "showGlow": true,
        "name": "",
        "x": 950,
        "y": 500,
        "wires": []
    },
    {
        "id": "e7f6fcb17869789d",
        "type": "ui_led",
        "z": "1de7a5b9d00681bc",
        "order": 3,
        "group": "fd9dc7819635ba32",
        "width": 0,
        "height": 0,
        "label": "",
        "labelPlacement": "left",
        "labelAlignment": "left",
        "colorForValue": [
            {
                "color": "#ff0000",
                "value": "true",
                "valueType": "bool"
            },
            {
                "color": "#000000",
                "value": "false",
                "valueType": "bool"
            }
        ],
        "allowColorForValueInMessage": false,
        "shape": "circle",
        "showGlow": true,
        "name": "",
        "x": 950,
        "y": 600,
        "wires": []
    },
    {
        "id": "e6f15b8de3639ae1",
        "type": "function",
        "z": "1de7a5b9d00681bc",
        "name": "W_DB",
        "func": "let capacidad = msg.payload;//Pasamos el msg.payload que recibe a una variable 11\n\nlet tzoffset = (new Date()).getTimezoneOffset() * 60000;//En la variable tzoffset obtenemos el desplazamiento de la zona horaria en ms\nlet fecha =(new Date(Date.now() - tzoffset)).toISOString().slice(0, -1);\n\n\nmsg.topic = \"INSERT INTO garaje VALUES('\" + fecha + \"','\" + capacidad + \"')\"; /*Dentro del asunto del mensaje msg.topic metemos embebido entre comillas lenguaje\nMySQL, Donde decimos insertar en la tabla garajes los valores que hemos adquirido en la línea\n1 y 4 respectivamente:*/\n\nreturn msg; /*Gracias a todo ello insertaremos los valores del garaje (fecha y capacidad) en la Base de datos\n“garaje\"*/\n",
        "outputs": 1,
        "timeout": 0,
        "noerr": 0,
        "initialize": "",
        "finalize": "",
        "libs": [],
        "x": 470,
        "y": 920,
        "wires": [
            [
                "640351359bbc9b84"
            ]
        ]
    },
    {
        "id": "640351359bbc9b84",
        "type": "mysql",
        "z": "1de7a5b9d00681bc",
        "mydb": "cb396121bab25d43",
        "name": "",
        "x": 730,
        "y": 920,
        "wires": [
            [
                "aac4a91ff1775e61"
            ]
        ]
    },
    {
        "id": "aac4a91ff1775e61",
        "type": "debug",
        "z": "1de7a5b9d00681bc",
        "name": "msg",
        "active": true,
        "tosidebar": true,
        "console": false,
        "tostatus": false,
        "complete": "payload",
        "targetType": "msg",
        "statusVal": "",
        "statusType": "auto",
        "x": 910,
        "y": 920,
        "wires": []
    },
    {
        "id": "ac7d249ee48e793d",
        "type": "s7 in",
        "z": "1de7a5b9d00681bc",
        "endpoint": "023865452e051ae9",
        "mode": "single",
        "variable": "",
        "diff": true,
        "name": "",
        "x": 250,
        "y": 920,
        "wires": [
            [
                "e6f15b8de3639ae1"
            ]
        ]
    },
    {
        "id": "13b45f07bed22278",
        "type": "s7 in",
        "z": "1de7a5b9d00681bc",
        "endpoint": "023865452e051ae9",
        "mode": "single",
        "variable": "cuenta",
        "diff": true,
        "name": "contador",
        "x": 760,
        "y": 740,
        "wires": [
            [
                "123fce7663866e3c"
            ]
        ]
    },
    {
        "id": "023865452e051ae9",
        "type": "s7 endpoint",
        "transport": "iso-on-tcp",
        "address": "192.168.0.1",
        "port": "102",
        "rack": "0",
        "slot": "1",
        "localtsaphi": "01",
        "localtsaplo": "00",
        "remotetsaphi": "01",
        "remotetsaplo": "00",
        "connmode": "rack-slot",
        "adapter": "",
        "busaddr": "2",
        "cycletime": "1000",
        "timeout": "2000",
        "name": "PLC",
        "vartable": [
            {
                "addr": "M100.7",
                "name": "Marca_verde"
            },
            {
                "addr": "M200.1",
                "name": "Marca_amarilla"
            },
            {
                "addr": "M202.0",
                "name": "Marca_roja"
            },
            {
                "addr": "M100.0",
                "name": "Subir"
            },
            {
                "addr": "M100.1",
                "name": "Bajar"
            },
            {
                "addr": "MW300",
                "name": "cuenta"
            }
        ]
    },
    {
        "id": "fd9dc7819635ba32",
        "type": "ui_group",
        "name": "Default",
        "tab": "88c6c0fad6f4cbf1",
        "order": 1,
        "disp": true,
        "width": "6",
        "collapse": false,
        "className": ""
    },
    {
        "id": "cb396121bab25d43",
        "type": "MySQLdatabase",
        "name": "",
        "host": "127.0.0.1",
        "port": "3306",
        "db": "pruebas_db",
        "tz": "",
        "charset": "UTF8"
    },
    {
        "id": "88c6c0fad6f4cbf1",
        "type": "ui_tab",
        "name": "Home",
        "icon": "dashboard",
        "disabled": false,
        "hidden": false
    }
]